session_id,order,group,expectation_L1,expectation_L2,expectation_L3,friendliness_L1,friendliness_L2,friendliness_L3,violence_L1,violence_L2,violence_L3,equality_L1,equality_L2,equality_L3,political_rights_L1,political_rights_L2,political_rights_L3,education_rights_L1,education_rights_L2,education_rights_L3,work_rights_L1,work_rights_L2,work_rights_L3,family_rights_L1,family_rights_L2,family_rights_L3,nationality_rights_L1,nationality_rights_L2,nationality_rights_L3,civil_rights_L1,civil_rights_L2,civil_rights_L3
S01,1,A,0,1,0,1,0,0,0,0,0,1,0,0,1,0,0,0,0,1,1,0,0,0,1,0,0,0,0,0,1,0
S01,2,A,0,0,0,0,0,1,1,0,0,0,1,0,0,0,1,0,1,0,0,0,0,0,1,0,0,1,0,0,0,0
S01,3,A,1,0,0,1,0,0,0,0,0,1,0,0,1,0,0,0,0,1,0,0,1,1,0,0,0,0,1,1,0,0
S01,4,A,0,0,1,0,0,1,0,1,0,0,1,0,0,0,1,0,1,0,0,1,0,0,1,0,1,0,0,1,0,0
S01,5,A,0,1,0,0,0,1,0,0,0,1,0,0,0,0,1,0,1,0,0,0,1,0,0,1,0,0,1,0,0,0
S01,6,A,0,0,1,0,1,0,0,1,0,1,0,0,0,0,1,1,0,0,0,1,0,0,1,0,0,1,0,0,0,0
S01,7,A,0,1,0,1,0,0,0,0,1,1,0,0,0,1,0,1,0,0,1,0,0,0,1,0,1,0,0,1,0,0
S01,8,A,0,1,0,0,1,0,0,1,0,0,0,0,0,1,0,0,1,0,1,0,0,0,0,1,0,1,0,0,1,0
S01,9,A,1,0,0,0,0,1,0,1,0,0,1,0,1,0,0,0,0,0,0,1,0,0,0,1,0,0,0,0,1,0
S01,10,A,0,0,0,1,0,0,0,1,0,0,0,1,0,1,0,0,0,1,0,1,0,0,1,0,0,0,1,0,1,0
S02,1,B,0,0,1,0,1,0,0,1,0,0,0,1,0,0,0,0,0,0,0,0,1,1,0,0,0,1,0,1,0,0
S02,2,B,1,0,0,0,0,1,0,0,1,0,0,0,0,0,1,0,1,0,0,0,1,0,0,1,0,1,0,1,0,0
S02,3,B,0,1,0,0,1,0,1,0,0,0,0,0,1,0,0,1,0,0,0,1,0,0,1,0,1,0,0,1,0,0
S02,4,B,1,0,0,1,0,0,0,0,1,0,0,1,0,0,1,0,0,1,0,1,0,0,0,0,0,1,0,0,0,0
S02,5,B,0,0,1,0,1,0,0,0,1,0,0,1,0,0,1,0,1,0,0,0,1,0,1,0,0,1,0,0,1,0
S02,6,B,0,0,1,0,1,0,0,1,0,0,1,0,0,1,0,0,1,0,1,0,0,0,0,1,0,0,0,0,0,1
S02,7,B,1,0,0,1,0,0,1,0,0,0,1,0,0,1,0,0,0,1,1,0,0,0,0,0,1,0,0,0,1,0
S02,8,B,1,0,0,1,0,0,0,0,0,0,0,1,0,0,0,1,0,0,0,0,1,0,1,0,0,0,1,1,0,0
S02,9,B,0,1,0,0,0,1,1,0,0,0,1,0,0,1,0,1,0,0,0,0,1,1,0,0,0,0,0,0,0,0
S02,10,B,0,0,1,1,0,0,0,0,1,0,0,1,0,1,0,1,0,0,0,0,0,0,0,1,1,0,0,0,0,0
S03,1,B,1,0,0,1,0,0,1,0,0,1,0,0,1,0,0,1,0,0,1,0,0,0,1,0,1,0,0,0,1,0
S03,2,B,1,0,0,1,0,0,1,0,0,0,0,1,0,1,0,1,0,0,0,0,1,0,0,1,0,0,1,1,0,0
S03,3,B,0,0,0,1,0,0,0,0,1,0,1,0,0,0,1,0,1,0,0,0,1,0,1,0,0,0,1,1,0,0
S03,4,B,0,0,0,0,0,1,0,0,1,1,0,0,0,1,0,0,0,1,0,0,1,1,0,0,0,0,1,1,0,0
S03,5,B,0,1,0,0,1,0,1,0,0,0,0,0,0,1,0,0,0,1,0,1,0,1,0,0,1,0,0,0,0,1
S03,6,B,0,0,1,1,0,0,0,1,0,0,1,0,0,1,0,0,1,0,0,1,0,0,1,0,1,0,0,1,0,0
S03,7,B,0,0,1,0,1,0,0,1,0,0,1,0,1,0,0,0,1,0,1,0,0,1,0,0,0,0,1,0,1,0
S03,8,B,0,0,1,1,0,0,0,0,1,0,1,0,1,0,0,1,0,0,0,1,0,1,0,0,0,0,1,1,0,0
S03,9,B,0,1,0,0,1,0,0,1,0,1,0,0,0,0,0,0,0,0,1,0,0,1,0,0,1,0,0,0,0,1
S03,10,B,0,1,0,0,0,1,0,0,1,1,0,0,1,0,0,0,0,1,1,0,0,0,0,1,0,1,0,0,1,0
S04,1,A,1,0,0,1,0,0,0,0,0,0,0,0,0,0,1,0,1,0,1,0,0,0,0,0,0,0,1,0,0,0
S04,2,A,0,0,1,0,1,0,0,0,0,0,0,1,1,0,0,1,0,0,1,0,0,1,0,0,0,1,0,1,0,0
S04,3,A,0,1,0,0,0,1,1,0,0,0,0,1,0,0,1,0,1,0,0,0,1,0,0,0,0,1,0,0,1,0
S04,4,A,0,0,1,0,0,1,0,1,0,0,1,0,0,0,0,0,0,1,0,0,1,1,0,0,0,0,1,1,0,0
S04,5,A,1,0,0,0,0,1,0,1,0,1,0,0,0,1,0,0,0,1,0,0,1,1,0,0,0,0,0,0,0,1
S04,6,A,0,0,0,0,1,0,0,0,1,0,0,0,0,1,0,1,0,0,0,1,0,0,0,1,0,0,0,0,1,0
S04,7,A,0,0,1,0,0,1,0,0,1,1,0,0,1,0,0,1,0,0,1,0,0,0,0,1,0,0,1,0,0,1
S04,8,A,0,0,1,1,0,0,1,0,0,0,1,0,0,0,1,0,0,0,0,0,1,0,1,0,0,0,1,0,1,0
S04,9,A,0,1,0,0,0,1,1,0,0,0,0,0,0,1,0,0,0,1,0,1,0,0,1,0,0,0,1,0,1,0
S04,10,A,1,0,0,0,1,0,0,1,0,0,0,1,0,0,1,1,0,0,0,0,0,0,1,0,0,1,0,0,0,1
S05,1,A,0,1,0,0,0,1,0,0,0,0,0,0,0,0,1,0,0,1,0,0,1,0,1,0,0,0,1,1,0,0
S05,2,A,1,0,0,0,0,0,0,1,0,0,0,1,0,1,0,0,0,1,0,1,0,1,0,0,0,0,1,1,0,0
S05,3,A,0,0,1,1,0,0,1,0,0,1,0,0,0,1,0,0,0,0,0,0,1,0,0,1,0,0,1,0,1,0
S05,4,A,0,1,0,0,1,0,1,0,0,0,1,0,0,0,1,1,0,0,0,0,1,0,0,1,0,1,0,0,1,0
S05,5,A,0,1,0,0,1,0,0,0,1,0,0,1,0,1,0,0,0,1,1,0,0,1,0,0,0,0,0,0,1,0
S05,6,A,1,0,0,0,1,0,0,0,1,0,0,1,0,1,0,0,1,0,0,1,0,0,0,1,0,1,0,0,1,0
S05,7,A,0,1,0,0,1,0,0,1,0,0,0,1,0,1,0,0,1,0,0,0,1,1,0,0,0,1,0,0,1,0
S05,8,A,0,1,0,0,0,1,0,1,0,1,0,0,1,0,0,0,0,1,0,1,0,1,0,0,0,1,0,0,0,1
S05,9,A,0,0,1,0,0,1,0,1,0,0,0,1,1,0,0,0,0,1,0,0,1,0,0,1,0,1,0,0,0,1
S05,10,A,0,0,1,0,0,1,1,0,0,0,0,1,0,0,1,0,1,0,1,0,0,1,0,0,0,0,1,0,0,0
S06,1,B,0,1,0,0,1,0,0,1,0,0,1,0,1,0,0,1,0,0,0,0,1,1,0,0,0,1,0,0,0,1
S06,2,B,0,0,1,0,0,1,0,0,1,1,0,0,1,0,0,0,0,1,0,1,0,0,0,0,0,0,1,1,0,0
S06,3,B,0,1,0,0,1,0,0,1,0,0,1,0,0,0,1,0,0,1,0,1,0,0,1,0,0,1,0,0,1,0
S06,4,B,0,1,0,1,0,0,0,0,1,1,0,0,1,0,0,0,1,0,0,1,0,0,1,0,1,0,0,0,0,1
S06,5,B,0,0,0,0,0,1,0,1,0,0,1,0,0,1,0,0,0,0,0,0,1,0,0,1,0,1,0,0,0,0
S06,6,B,0,0,0,0,0,1,0,0,1,0,1,0,0,1,0,0,1,0,0,0,1,0,1,0,1,0,0,1,0,0
S06,7,B,0,0,1,0,0,1,0,1,0,0,0,0,0,0,1,0,0,1,0,0,1,1,0,0,1,0,0,0,1,0
S06,8,B,0,1,0,0,1,0,1,0,0,0,0,1,0,0,1,0,1,0,0,0,1,0,1,0,0,0,1,0,0,1
S06,9,B,0,0,1,1,0,0,1,0,0,1,0,0,1,0,0,0,0,1,0,1,0,1,0,0,0,1,0,0,0,0
S06,10,B,0,0,0,1,0,0,0,1,0,0,1,0,1,0,0,0,1,0,0,0,1,0,1,0,0,1,0,0,1,0
S07,1,B,1,0,0,1,0,0,0,0,1,0,0,1,0,0,0,0,1,0,1,0,0,1,0,0,1,0,0,1,0,0
S07,2,B,0,1,0,0,1,0,0,1,0,0,0,1,0,0,1,0,1,0,0,0,1,0,0,1,1,0,0,0,0,1
S07,3,B,0,1,0,0,1,0,0,1,0,0,0,1,0,0,0,0,1,0,1,0,0,0,0,1,0,0,1,0,0,0
S07,4,B,1,0,0,0,1,0,1,0,0,1,0,0,1,0,0,0,0,1,0,1,0,0,1,0,1,0,0,0,1,0
S07,5,B,0,1,0,0,0,1,0,0,0,0,0,1,1,0,0,0,0,1,0,0,1,0,0,1,0,1,0,0,0,1
S07,6,B,0,1,0,1,0,0,0,0,1,1,0,0,1,0,0,0,0,1,0,0,1,0,0,1,0,0,1,0,1,0
S07,7,B,1,0,0,0,0,1,0,1,0,0,0,1,0,1,0,0,0,1,1,0,0,1,0,0,0,1,0,0,0,1
S07,8,B,0,1,0,0,1,0,0,1,0,0,0,0,0,0,1,0,0,0,0,0,0,1,0,0,0,0,1,0,1,0
S07,9,B,0,1,0,0,1,0,0,0,1,0,1,0,0,0,1,1,0,0,0,0,1,0,1,0,0,0,1,0,0,1
S07,10,B,0,0,1,0,0,1,1,0,0,1,0,0,0,1,0,0,0,1,0,1,0,0,1,0,0,1,0,0,0,0
S08,1,A,0,1,0,0,0,1,0,0,1,1,0,0,0,0,1,1,0,0,0,0,0,0,0,0,0,0,1,0,0,0
S08,2,A,1,0,0,0,1,0,1,0,0,0,0,0,0,1,0,0,0,1,0,1,0,0,1,0,0,1,0,0,0,1
S08,3,A,1,0,0,1,0,0,0,0,1,0,0,0,0,0,1,0,1,0,0,1,0,0,0,1,0,0,0,1,0,0
S08,4,A,0,0,1,0,0,1,0,0,1,0,1,0,0,1,0,0,1,0,0,0,0,0,1,0,1,0,0,0,0,1
S08,5,A,0,1,0,0,0,1,1,0,0,1,0,0,1,0,0,0,0,1,0,1,0,1,0,0,1,0,0,0,1,0
S08,6,A,0,0,0,0,0,0,0,0,1,0,0,1,0,1,0,0,0,1,0,0,1,0,0,1,0,1,0,1,0,0
S08,7,A,0,0,1,0,1,0,0,0,1,0,0,1,0,0,1,0,1,0,0,0,0,1,0,0,0,1,0,0,1,0
S08,8,A,0,0,1,0,0,0,0,0,1,0,0,1,0,0,1,0,0,1,0,0,1,0,0,0,0,0,0,0,0,1
S08,9,A,1,0,0,0,0,1,0,1,0,0,0,0,1,0,0,1,0,0,0,0,1,0,0,1,1,0,0,1,0,0
S08,10,A,0,1,0,0,1,0,0,0,1,0,0,0,0,0,1,0,1,0,1,0,0,0,0,1,0,0,1,0,0,0
S09,1,A,1,0,0,0,0,1,0,0,0,0,0,1,0,1,0,1,0,0,1,0,0,0,0,1,1,0,0,0,0,0
S09,2,A,1,0,0,1,0,0,0,1,0,0,0,1,0,0,1,0,0,1,0,0,1,1,0,0,0,1,0,1,0,0
S09,3,A,1,0,0,1,0,0,0,0,1,1,0,0,0,1,0,0,0,1,0,1,0,1,0,0,1,0,0,0,0,1
S09,4,A,0,0,1,0,0,1,0,0,1,0,1,0,0,0,0,1,0,0,0,0,1,0,0,1,0,0,1,1,0,0
S09,5,A,0,1,0,1,0,0,0,1,0,0,0,0,0,1,0,0,1,0,1,0,0,1,0,0,0,1,0,0,1,0
S09,6,A,0,1,0,0,0,1,0,1,0,0,0,1,0,1,0,0,0,1,1,0,0,0,0,1,0,1,0,0,1,0
S09,7,A,0,0,1,0,1,0,1,0,0,1,0,0,1,0,0,1,0,0,0,1,0,0,0,0,1,0,0,0,1,0
S09,8,A,0,0,1,0,0,1,0,0,1,0,0,1,0,1,0,1,0,0,1,0,0,0,1,0,0,0,1,1,0,0
S09,9,A,1,0,0,0,0,1,1,0,0,0,0,1,0,0,0,1,0,0,1,0,0,0,0,1,1,0,0,1,0,0
S09,10,A,1,0,0,0,0,1,1,0,0,1,0,0,0,1,0,0,0,1,0,1,0,1,0,0,1,0,0,1,0,0
S10,1,B,0,1,0,0,0,1,0,0,0,0,1,0,1,0,0,1,0,0,0,0,0,1,0,0,0,0,0,1,0,0
S10,2,B,1,0,0,1,0,0,0,0,0,0,0,0,0,0,1,1,0,0,0,0,0,0,0,1,0,1,0,0,1,0
S10,3,B,0,0,1,0,0,1,0,0,0,1,0,0,1,0,0,0,1,0,0,0,0,0,1,0,0,0,1,0,1,0
S10,4,B,0,0,0,1,0,0,1,0,0,0,0,1,0,0,1,0,0,1,0,1,0,1,0,0,1,0,0,0,1,0
S10,5,B,0,0,1,0,0,1,0,0,1,0,0,1,0,0,0,1,0,0,0,0,0,0,0,1,1,0,0,1,0,0
S10,6,B,0,1,0,1,0,0,0,0,1,0,1,0,0,0,1,0,0,1,0,1,0,1,0,0,1,0,0,0,1,0
S10,7,B,0,1,0,0,1,0,0,1,0,1,0,0,1,0,0,1,0,0,0,0,0,0,0,0,0,0,1,1,0,0
S10,8,B,0,0,1,0,1,0,0,1,0,0,1,0,0,0,0,0,0,1,0,1,0,1,0,0,0,0,1,0,1,0
S10,9,B,1,0,0,1,0,0,0,0,1,0,0,1,1,0,0,0,1,0,0,0,1,1,0,0,0,0,1,1,0,0
S10,10,B,0,0,1,0,0,1,0,1,0,0,0,0,0,1,0,0,0,1,0,1,0,1,0,0,0,0,0,0,1,0
S11,1,B,0,0,1,0,1,0,0,0,0,0,1,0,0,0,1,0,1,0,1,0,0,0,0,1,0,1,0,0,1,0
S11,2,B,1,0,0,1,0,0,0,1,0,0,0,1,0,0,1,0,1,0,0,1,0,0,0,1,0,1,0,1,0,0
S11,3,B,0,0,1,0,0,1,1,0,0,0,1,0,0,0,0,0,1,0,0,0,1,0,0,1,1,0,0,0,1,0
S11,4,B,0,1,0,0,0,1,0,0,0,0,0,1,1,0,0,0,1,0,1,0,0,0,0,0,1,0,0,0,0,0
S11,5,B,0,0,1,0,0,0,0,0,1,0,1,0,0,0,0,0,1,0,1,0,0,0,0,1,1,0,0,1,0,0
S11,6,B,0,0,1,1,0,0,0,1,0,0,1,0,1,0,0,0,0,1,1,0,0,0,1,0,0,0,1,0,1,0
S11,7,B,0,0,0,1,0,0,1,0,0,0,0,1,0,1,0,0,1,0,1,0,0,0,0,1,1,0,0,1,0,0
S11,8,B,0,1,0,1,0,0,0,0,0,1,0,0,1,0,0,1,0,0,1,0,0,0,0,0,0,1,0,0,1,0
S11,9,B,0,1,0,0,0,1,0,1,0,0,1,0,1,0,0,0,0,0,0,0,1,0,1,0,0,1,0,0,1,0
S11,10,B,0,1,0,1,0,0,1,0,0,0,0,1,0,0,1,0,0,1,1,0,0,0,1,0,0,0,1,0,0,1
S12,1,B,0,1,0,1,0,0,1,0,0,0,0,1,1,0,0,0,0,0,0,0,1,0,1,0,0,1,0,1,0,0
S12,2,B,0,1,0,0,0,1,0,1,0,1,0,0,0,1,0,0,0,0,0,0,0,0,0,1,0,0,1,0,0,1
S12,3,B,0,1,0,0,1,0,0,1,0,0,0,1,1,0,0,1,0,0,0,1,0,1,0,0,1,0,0,0,1,0
S12,4,B,0,1,0,0,1,0,0,0,1,0,0,0,0,1,0,0,1,0,1,0,0,1,0,0,0,1,0,0,0,0
S12,5,B,1,0,0,0,0,1,0,0,1,0,0,1,1,0,0,0,1,0,1,0,0,0,0,1,0,1,0,0,1,0
S12,6,B,0,1,0,0,1,0,0,0,1,0,0,1,0,1,0,0,1,0,1,0,0,1,0,0,1,0,0,1,0,0
S12,7,B,1,0,0,0,1,0,0,0,0,0,1,0,0,0,1,0,1,0,0,0,1,1,0,0,0,0,0,1,0,0
S12,8,B,0,0,1,1,0,0,0,1,0,1,0,0,0,1,0,0,1,0,1,0,0,0,1,0,0,1,0,0,1,0
S12,9,B,1,0,0,0,1,0,0,0,1,0,0,1,1,0,0,0,0,1,1,0,0,0,1,0,1,0,0,0,1,0
S12,10,B,1,0,0,0,0,0,0,1,0,0,1,0,0,1,0,0,0,1,1,0,0,1,0,0,0,0,1,1,0,0
S13,1,A,1,0,0,1,0,0,0,0,1,0,1,0,0,0,1,0,0,1,0,0,0,0,0,1,0,1,0,0,1,0
S13,2,A,0,1,0,1,0,0,1,0,0,0,0,0,0,0,1,1,0,0,0,0,0,1,0,0,1,0,0,0,1,0
S13,3,A,0,1,0,0,0,1,0,1,0,0,0,1,0,1,0,0,1,0,0,0,0,1,0,0,0,0,1,0,1,0
S13,4,A,1,0,0,0,0,0,1,0,0,1,0,0,1,0,0,1,0,0,1,0,0,1,0,0,0,0,1,0,0,1
S13,5,A,0,1,0,0,0,0,0,1,0,0,1,0,0,0,0,1,0,0,1,0,0,0,1,0,1,0,0,0,0,1
S13,6,A,1,0,0,0,0,1,1,0,0,0,0,1,1,0,0,0,0,1,1,0,0,1,0,0,0,1,0,0,1,0
S13,7,A,0,1,0,0,1,0,1,0,0,0,0,1,0,1,0,1,0,0,0,0,0,1,0,0,0,0,1,0,0,0
S13,8,A,0,1,0,1,0,0,0,1,0,1,0,0,1,0,0,0,0,1,0,1,0,0,1,0,0,0,1,0,0,1
S13,9,A,0,1,0,0,0,1,1,0,0,0,1,0,0,1,0,0,0,1,0,0,0,0,1,0,0,0,1,1,0,0
S13,10,A,0,0,1,0,1,0,1,0,0,0,1,0,0,0,1,0,1,0,1,0,0,0,1,0,0,0,1,0,0,1
S14,1,A,0,0,1,0,0,1,0,1,0,1,0,0,0,0,1,0,1,0,0,0,1,0,1,0,0,1,0,1,0,0
S14,2,A,1,0,0,0,1,0,0,0,1,0,0,1,0,1,0,0,0,1,0,0,1,0,0,1,0,0,0,1,0,0
S14,3,A,0,0,1,0,1,0,0,0,1,1,0,0,0,0,1,1,0,0,1,0,0,0,0,1,1,0,0,0,1,0
S14,4,A,0,1,0,0,0,1,0,0,1,0,1,0,0,0,0,0,1,0,0,0,1,1,0,0,0,0,0,1,0,0
S14,5,A,0,0,1,0,0,0,0,1,0,0,0,1,0,0,1,0,1,0,0,0,1,0,0,1,0,0,1,0,1,0
S14,6,A,0,1,0,1,0,0,1,0,0,1,0,0,0,0,1,0,0,1,0,0,1,1,0,0,1,0,0,0,0,1
S14,7,A,1,0,0,0,0,0,0,1,0,0,0,1,1,0,0,0,0,0,0,0,1,1,0,0,0,0,1,0,1,0
S14,8,A,0,1,0,1,0,0,1,0,0,1,0,0,1,0,0,0,0,1,0,1,0,0,0,0,1,0,0,0,0,1
S14,9,A,1,0,0,0,0,0,1,0,0,1,0,0,1,0,0,0,0,1,0,1,0,0,0,1,0,0,0,0,0,1
S14,10,A,1,0,0,0,0,0,1,0,0,0,0,0,0,0,1,0,1,0,0,0,1,1,0,0,0,1,0,0,0,1
S15,1,B,1,0,0,0,0,1,0,0,1,0,1,0,1,0,0,0,0,1,0,1,0,1,0,0,1,0,0,1,0,0
S15,2,B,0,1,0,1,0,0,1,0,0,0,0,1,0,0,1,0,1,0,0,0,1,1,0,0,0,1,0,0,1,0
S15,3,B,1,0,0,0,0,1,0,0,1,0,0,1,0,1,0,0,1,0,0,0,1,0,1,0,0,1,0,0,0,0
S15,4,B,0,0,1,0,0,1,0,0,0,1,0,0,1,0,0,0,0,0,1,0,0,0,0,0,0,0,1,0,1,0
S15,5,B,0,1,0,0,0,1,0,0,0,0,0,0,0,0,1,0,0,1,1,0,0,0,1,0,0,1,0,0,0,1
S15,6,B,0,0,1,0,0,1,1,0,0,0,0,1,1,0,0,0,0,1,0,1,0,0,1,0,0,1,0,0,1,0
S15,7,B,0,0,1,0,0,1,1,0,0,0,1,0,1,0,0,0,0,1,0,0,1,1,0,0,0,1,0,0,1,0
S15,8,B,0,0,0,0,1,0,0,1,0,0,1,0,0,0,0,1,0,0,1,0,0,1,0,0,1,0,0,0,0,1
S15,9,B,0,1,0,0,0,0,0,0,0,0,0,1,1,0,0,0,0,1,0,1,0,0,0,1,0,1,0,1,0,0
S15,10,B,0,0,1,0,1,0,0,1,0,1,0,0,1,0,0,0,1,0,0,1,0,0,0,1,0,0,1,1,0,0
S16,1,B,0,0,1,0,0,0,0,0,0,1,0,0,0,0,1,0,0,1,1,0,0,0,1,0,0,1,0,0,0,0
S16,2,B,0,0,1,1,0,0,0,1,0,0,0,0,0,0,0,0,0,1,0,0,1,1,0,0,0,0,0,0,0,1
S16,3,B,1,0,0,0,0,1,0,1,0,0,0,1,0,1,0,1,0,0,0,0,1,0,0,1,1,0,0,0,1,0
S16,4,B,0,0,0,1,0,0,0,0,1,0,1,0,1,0,0,1,0,0,1,0,0,0,0,1,1,0,0,0,0,1
S16,5,B,0,1,0,0,0,1,0,0,0,0,0,0,0,0,0,0,1,0,0,0,1,0,0,1,0,0,1,0,0,1
S16,6,B,0,1,0,1,0,0,0,0,1,0,0,1,0,1,0,0,1,0,1,0,0,0,0,0,0,0,0,0,0,1
S16,7,B,1,0,0,0,0,1,1,0,0,0,0,0,1,0,0,1,0,0,0,0,1,0,1,0,0,0,1,0,1,0
S16,8,B,0,0,1,1,0,0,1,0,0,1,0,0,0,0,1,1,0,0,0,0,1,0,1,0,1,0,0,0,0,1
S16,9,B,0,0,0,1,0,0,0,0,1,0,1,0,0,1,0,0,0,1,0,0,1,0,0,1,0,0,1,0,0,1
S16,10,B,0,1,0,1,0,0,0,0,0,1,0,0,0,0,1,0,1,0,0,1,0,0,0,1,1,0,0,0,0,0
S17,1,B,0,0,1,1,0,0,0,0,1,1,0,0,1,0,0,1,0,0,0,1,0,1,0,0,1,0,0,1,0,0
S17,2,B,0,0,1,0,1,0,0,0,1,1,0,0,0,1,0,0,1,0,0,0,0,1,0,0,1,0,0,0,1,0
S17,3,B,0,1,0,0,1,0,1,0,0,0,1,0,0,1,0,0,0,0,0,1,0,1,0,0,0,0,1,1,0,0
S17,4,B,1,0,0,0,1,0,0,1,0,0,1,0,1,0,0,0,0,0,0,1,0,1,0,0,0,0,1,1,0,0
S17,5,B,1,0,0,0,1,0,1,0,0,1,0,0,0,0,1,0,0,1,1,0,0,1,0,0,0,0,1,1,0,0
S17,6,B,0,1,0,1,0,0,1,0,0,0,0,1,1,0,0,1,0,0,1,0,0,1,0,0,0,0,1,0,1,0
S17,7,B,0,0,1,0,1,0,0,1,0,0,0,1,1,0,0,1,0,0,0,0,1,0,0,0,0,0,1,0,1,0
S17,8,B,0,0,1,0,0,0,0,0,1,0,0,1,0,1,0,0,1,0,1,0,0,0,0,1,1,0,0,1,0,0
S17,9,B,0,0,0,0,0,1,0,0,1,1,0,0,0,1,0,1,0,0,0,1,0,0,0,0,0,1,0,0,1,0
S17,10,B,0,0,1,0,1,0,0,0,1,1,0,0,0,1,0,0,1,0,0,1,0,0,0,1,1,0,0,1,0,0
S18,1,A,1,0,0,0,0,0,0,0,1,0,0,1,0,1,0,0,1,0,1,0,0,0,1,0,1,0,0,0,1,0
S18,2,A,0,0,0,0,0,1,0,1,0,0,0,1,1,0,0,1,0,0,1,0,0,0,0,1,1,0,0,1,0,0
S18,3,A,0,1,0,0,1,0,0,0,1,0,0,0,0,0,1,0,1,0,0,0,1,0,1,0,0,0,0,0,1,0
S18,4,A,1,0,0,0,1,0,0,1,0,1,0,0,1,0,0,0,1,0,0,0,1,0,1,0,1,0,0,0,1,0
S18,5,A,0,1,0,1,0,0,0,0,1,1,0,0,0,1,0,1,0,0,0,0,1,0,0,1,0,0,1,1,0,0
S18,6,A,1,0,0,1,0,0,0,0,1,0,1,0,1,0,0,0,1,0,0,0,1,0,1,0,0,0,1,0,0,1
S18,7,A,0,1,0,0,1,0,1,0,0,1,0,0,0,0,1,0,1,0,1,0,0,0,1,0,0,0,1,0,1,0
S18,8,A,1,0,0,0,0,1,0,1,0,0,0,1,0,1,0,0,0,1,0,0,1,0,0,0,0,1,0,0,1,0
S18,9,A,0,1,0,1,0,0,0,1,0,1,0,0,1,0,0,0,1,0,0,0,1,1,0,0,0,0,0,1,0,0
S18,10,A,0,0,0,0,1,0,0,1,0,0,0,0,1,0,0,0,1,0,0,0,1,1,0,0,1,0,0,0,0,1
S19,1,A,0,0,1,0,1,0,0,0,1,0,0,1,0,0,1,0,0,1,0,1,0,1,0,0,0,0,1,0,0,0
S19,2,A,0,1,0,0,1,0,0,1,0,1,0,0,0,0,0,0,1,0,0,0,1,0,0,0,1,0,0,0,1,0
S19,3,A,0,1,0,1,0,0,0,0,0,0,0,0,0,0,1,0,0,1,0,0,1,0,0,1,1,0,0,1,0,0
S19,4,A,0,1,0,0,0,0,0,1,0,0,1,0,0,1,0,0,1,0,0,0,0,0,0,1,0,0,1,1,0,0
S19,5,A,0,1,0,0,1,0,0,1,0,0,0,1,0,1,0,0,0,0,1,0,0,0,1,0,0,1,0,0,0,1
S19,6,A,1,0,0,0,1,0,1,0,0,0,1,0,0,1,0,0,0,1,0,0,1,1,0,0,0,1,0,0,1,0
S19,7,A,0,1,0,0,1,0,0,0,1,0,0,1,0,1,0,0,1,0,0,1,0,1,0,0,0,0,1,0,1,0
S19,8,A,0,0,1,0,1,0,0,0,1,0,1,0,0,1,0,0,1,0,0,0,1,0,0,0,0,1,0,0,1,0
S19,9,A,0,1,0,1,0,0,0,0,1,0,1,0,0,0,0,0,0,0,0,1,0,0,1,0,0,0,0,1,0,0
S19,10,A,0,1,0,0,0,0,0,1,0,0,1,0,1,0,0,0,1,0,0,0,1,0,1,0,0,1,0,0,0,1
S20,1,A,0,0,0,0,1,0,0,0,1,0,1,0,0,0,0,0,0,0,0,1,0,0,0,1,0,1,0,1,0,0
S20,2,A,1,0,0,0,0,0,0,1,0,1,0,0,1,0,0,0,1,0,0,0,0,0,0,1,0,0,1,0,0,1
S20,3,A,1,0,0,0,1,0,0,0,1,1,0,0,0,1,0,0,0,1,0,1,0,0,0,1,1,0,0,0,1,0
S20,4,A,1,0,0,1,0,0,0,0,1,0,1,0,0,1,0,0,1,0,0,0,1,0,0,1,0,0,1,0,1,0
S20,5,A,0,1,0,1,0,0,0,0,1,0,0,1,0,1,0,1,0,0,1,0,0,1,0,0,0,0,1,0,0,1
S20,6,A,0,0,1,0,0,1,0,0,0,0,0,1,0,0,1,0,1,0,0,0,0,0,0,1,1,0,0,0,1,0
S20,7,A,0,0,1,1,0,0,0,0,1,0,1,0,1,0,0,1,0,0,1,0,0,1,0,0,0,0,1,0,0,0
S20,8,A,1,0,0,0,1,0,0,0,1,0,0,1,1,0,0,0,1,0,0,0,1,0,0,0,0,0,1,0,1,0
S20,9,A,0,1,0,0,0,0,1,0,0,0,1,0,1,0,0,0,0,1,0,1,0,1,0,0,0,1,0,0,0,1
S20,10,A,0,0,1,1,0,0,1,0,0,0,0,0,0,1,0,0,0,1,1,0,0,1,0,0,0,0,1,0,0,0
