Enrollment,Session,Participant,Line,Text,Flexibility,Recordings,Live_Discussion,Isolation,Motivation,Group_Work
Part-time,Focus group 1,P01,1,"Flexible schedules made online learning easier, but lack of interaction made discussions harder.",1,0,1,1,0,0
Part-time,Focus group 1,P04,2,"Online learning saved commuting time, but group projects were more difficult.",1,0,0,0,0,1
Part-time,Focus group 1,P04,3,Group projects were hard to coordinate around our work schedules.,1,0,0,0,0,1
Part-time,Focus group 1,P04,4,The live Q&A sessions cleared up a lot for me.,0,0,1,0,0,0
Part-time,Focus group 1,P04,5,Having everything recorded meant I never missed a class because of work.,1,1,0,0,0,0
Part-time,Focus group 1,P04,6,"I paused the recordings and went at my own pace, which suited my week.",1,1,0,0,0,0
Part-time,Focus group 1,P05,7,Studying from home saved me two hours of commuting a day.,1,0,0,0,0,0
Part-time,Focus group 1,P06,8,Recorded lectures meant I could study after my shift.,1,1,0,0,0,0
Part-time,Focus group 1,P01,9,"Yes, same here.",0,0,0,0,0,0
Part-time,Focus group 1,P01,10,"Yes, same here.",0,0,0,0,0,0
Part-time,Focus group 1,P01,11,"Everyone was free at different times, so the group project dragged on.",1,0,0,0,0,1
Part-time,Focus group 1,P01,12,I rewatched the hard parts of the lectures several times.,0,1,0,0,0,0
Part-time,Focus group 1,P01,13,Watching the lectures at night fitted around my job.,1,1,0,0,0,0
Part-time,Focus group 1,P06,14,I could replay a lecture on the train or at lunch.,1,1,0,0,0,0
Part-time,Focus group 1,P06,15,I could replay a lecture on the train or at lunch.,1,1,0,0,0,0
Part-time,Focus group 1,P01,16,Having everything recorded meant I never missed a class because of work.,1,1,0,0,0,0
Part-time,Focus group 1,P06,17,"I missed people, and my motivation dropped with it.",0,0,0,1,1,0
Part-time,Focus group 1,P04,18,Recorded lectures meant I could study after my shift.,1,1,0,0,0,0
Part-time,Focus group 1,P04,19,"Our group met in live calls, which made the project easier.",0,0,1,0,0,1
Part-time,Focus group 1,P06,20,Good point.,0,0,0,0,0,0
Part-time,Focus group 1,P04,21,The recorded lectures were really useful for revision.,0,1,0,0,0,0
Part-time,Focus group 1,P06,22,"I paused the recordings and went at my own pace, which suited my week.",1,1,0,0,0,0
Part-time,Focus group 1,P06,23,Watching the lectures at night fitted around my job.,1,1,0,0,0,0
Part-time,Focus group 1,P06,24,"I paused the recordings and went at my own pace, which suited my week.",1,1,0,0,0,0
Part-time,Focus group 1,P06,25,"Everyone was free at different times, so the group project dragged on.",1,0,0,0,0,1
Part-time,Focus group 1,P06,26,Group projects were hard to coordinate around our work schedules.,1,0,0,0,0,1
Part-time,Focus group 1,P01,27,We talked the project through on a video call every week.,0,0,1,0,0,1
Part-time,Focus group 1,P04,28,"Everyone was free at different times, so the group project dragged on.",1,0,0,0,0,1
Part-time,Focus group 2,P10,1,Not having to travel to campus was a big relief.,1,0,0,0,0,0
Part-time,Focus group 2,P10,2,Studying from home saved me two hours of commuting a day.,1,0,0,0,0,0
Part-time,Focus group 2,P08,3,The recorded lectures were really useful for revision.,0,1,0,0,0,0
Part-time,Focus group 2,P09,4,We talked the project through on a video call every week.,0,0,1,0,0,1
Part-time,Focus group 2,P08,5,"Everyone was free at different times, so the group project dragged on.",1,0,0,0,0,1
Part-time,Focus group 2,P09,6,Having everything recorded meant I never missed a class because of work.,1,1,0,0,0,0
Part-time,Focus group 2,P07,7,Group projects were hard to coordinate around our work schedules.,1,0,0,0,0,1
Part-time,Focus group 2,P07,8,Some days the flexibility made it too easy to put things off.,1,0,0,0,1,0
Part-time,Focus group 2,P09,9,Setting my own timetable helped me stay on track.,1,0,0,0,1,0
Part-time,Focus group 2,P07,10,Flexible schedules made online learning easier for me.,1,0,0,0,0,0
Part-time,Focus group 2,P09,11,I could fit coursework around my family.,1,0,0,0,0,0
Part-time,Focus group 2,P08,12,"The freedom was nice, but I had to be strict with myself to get work done.",1,0,0,0,1,0
Part-time,Focus group 2,P07,13,"Our group met in live calls, which made the project easier.",0,0,1,0,0,1
Part-time,Focus group 2,P10,14,Good point.,0,0,0,0,0,0
Part-time,Focus group 2,P09,15,I rewatched the hard parts of the lectures several times.,0,1,0,0,0,0
Part-time,Focus group 2,P10,16,Studying from home saved me two hours of commuting a day.,1,0,0,0,0,0
Part-time,Focus group 2,P10,17,I missed the small talk before and after the live seminars.,0,0,1,1,0,0
Part-time,Focus group 2,P07,18,The recorded lectures were really useful for revision.,0,1,0,0,0,0
Part-time,Focus group 2,P07,19,"Mostly, yes.",0,0,0,0,0,0
Part-time,Focus group 2,P10,20,Group projects were hard to coordinate around our work schedules.,1,0,0,0,0,1
Part-time,Focus group 2,P10,21,Live discussions were the only time I felt connected to the class.,0,0,1,1,0,0
Part-time,Focus group 2,P08,22,The live sessions were too short to really get to know anyone.,0,0,1,1,0,0
Part-time,Focus group 2,P10,23,Not having to travel to campus was a big relief.,1,0,0,0,0,0
Part-time,Focus group 2,P10,24,Some days the flexibility made it too easy to put things off.,1,0,0,0,1,0
Part-time,Focus group 2,P07,25,That's true for me too.,0,0,0,0,0,0
Part-time,Focus group 2,P09,26,Recorded lectures meant I could study after my shift.,1,1,0,0,0,0
Part-time,Focus group 2,P10,27,I agree with that.,0,0,0,0,0,0
Part-time,Focus group 2,P07,28,The live Q&A sessions cleared up a lot for me.,0,0,1,0,0,0
Full-time,Focus group 3,P02,1,"I enjoyed studying from home, but found it difficult to stay motivated.",1,0,0,0,1,0
Full-time,Focus group 3,P03,2,"Recorded lectures were useful, while live discussions helped me feel connected.",0,1,1,0,0,0
Full-time,Focus group 3,P02,3,Some weeks I didn't speak to anyone from the course.,0,0,0,1,0,0
Full-time,Focus group 3,P03,4,"Studying alone at home, it was hard to stay motivated.",0,0,0,1,1,0
Full-time,Focus group 3,P12,5,Without the live sessions I would have felt completely on my own.,0,0,1,1,0,0
Full-time,Focus group 3,P11,6,"Nobody noticed if I skipped a week, so sometimes I did.",0,0,0,1,1,0
Full-time,Focus group 3,P12,7,The live Q&A sessions cleared up a lot for me.,0,0,1,0,0,0
Full-time,Focus group 3,P02,8,Without classmates around I found it difficult to keep going.,0,0,0,1,1,0
Full-time,Focus group 3,P03,9,I agree with that.,0,0,0,0,0,0
Full-time,Focus group 3,P11,10,Knowing my group depended on me kept me working.,0,0,0,0,1,1
Full-time,Focus group 3,P03,11,The live sessions were too short to really get to know anyone.,0,0,1,1,0,0
Full-time,Focus group 3,P03,12,"I missed people, and my motivation dropped with it.",0,0,0,1,1,0
Full-time,Focus group 3,P03,13,Without classmates around I found it difficult to keep going.,0,0,0,1,1,0
Full-time,Focus group 3,P11,14,The group chat kept me motivated when deadlines got close.,0,0,0,0,1,1
Full-time,Focus group 3,P11,15,That's true for me too.,0,0,0,0,0,0
Full-time,Focus group 3,P02,16,Lack of interaction made it hard to make friends.,0,0,0,1,0,0
Full-time,Focus group 3,P12,17,"I missed people, and my motivation dropped with it.",0,0,0,1,1,0
Full-time,Focus group 3,P11,18,I missed the small talk before and after the live seminars.,0,0,1,1,0,0
Full-time,Focus group 3,P12,19,Setting my own timetable helped me stay on track.,1,0,0,0,1,0
Full-time,Focus group 3,P12,20,We talked the project through on a video call every week.,0,0,1,0,0,1
Full-time,Focus group 3,P02,21,Without classmates around I found it difficult to keep going.,0,0,0,1,1,0
Full-time,Focus group 3,P03,22,I agree with that.,0,0,0,0,0,0
Full-time,Focus group 3,P11,23,"I missed people, and my motivation dropped with it.",0,0,0,1,1,0
Full-time,Focus group 3,P11,24,"Mostly, yes.",0,0,0,0,0,0
Full-time,Focus group 3,P11,25,Lack of interaction made it hard to make friends.,0,0,0,1,0,0
Full-time,Focus group 3,P11,26,Studying from home saved me two hours of commuting a day.,1,0,0,0,0,0
Full-time,Focus group 3,P02,27,The group chat kept me motivated when deadlines got close.,0,0,0,0,1,1
Full-time,Focus group 3,P03,28,Some weeks I didn't speak to anyone from the course.,0,0,0,1,0,0
Full-time,Focus group 4,P14,1,Live discussions were the only time I felt connected to the class.,0,0,1,1,0,0
Full-time,Focus group 4,P14,2,The live Q&A sessions cleared up a lot for me.,0,0,1,0,0,0
Full-time,Focus group 4,P15,3,"I missed people, and my motivation dropped with it.",0,0,0,1,1,0
Full-time,Focus group 4,P16,4,"In live discussions most cameras were off, so it still felt lonely.",0,0,1,1,0,0
Full-time,Focus group 4,P13,5,Lack of interaction made it hard to make friends.,0,0,0,1,0,0
Full-time,Focus group 4,P16,6,That's true for me too.,0,0,0,0,0,0
Full-time,Focus group 4,P15,7,"Mostly, yes.",0,0,0,0,0,0
Full-time,Focus group 4,P16,8,"Our group met in live calls, which made the project easier.",0,0,1,0,0,1
Full-time,Focus group 4,P14,9,"Studying alone at home, it was hard to stay motivated.",0,0,0,1,1,0
Full-time,Focus group 4,P15,10,Setting my own timetable helped me stay on track.,1,0,0,0,1,0
Full-time,Focus group 4,P13,11,I liked asking questions in the live seminars.,0,0,1,0,0,0
Full-time,Focus group 4,P13,12,Good point.,0,0,0,0,0,0
Full-time,Focus group 4,P15,13,Knowing my group depended on me kept me working.,0,0,0,0,1,1
Full-time,Focus group 4,P14,14,"Nobody noticed if I skipped a week, so sometimes I did.",0,0,0,1,1,0
Full-time,Focus group 4,P16,15,Without classmates around I found it difficult to keep going.,0,0,0,1,1,0
Full-time,Focus group 4,P15,16,Working on the group project online felt isolating.,0,0,0,1,0,1
Full-time,Focus group 4,P13,17,"The freedom was nice, but I had to be strict with myself to get work done.",1,0,0,0,1,0
Full-time,Focus group 4,P15,18,Without the live sessions I would have felt completely on my own.,0,0,1,1,0,0
Full-time,Focus group 4,P14,19,I missed the small talk before and after the live seminars.,0,0,1,1,0,0
Full-time,Focus group 4,P13,20,That's true for me too.,0,0,0,0,0,0
Full-time,Focus group 4,P14,21,The live sessions were too short to really get to know anyone.,0,0,1,1,0,0
Full-time,Focus group 4,P14,22,I missed the small talk before and after the live seminars.,0,0,1,1,0,0
Full-time,Focus group 4,P13,23,"Yes, same here.",0,0,0,0,0,0
Full-time,Focus group 4,P15,24,Without the live sessions I would have felt completely on my own.,0,0,1,1,0,0
Full-time,Focus group 4,P13,25,Studying from home saved me two hours of commuting a day.,1,0,0,0,0,0
Full-time,Focus group 4,P16,26,"Yes, same here.",0,0,0,0,0,0
Full-time,Focus group 4,P16,27,"Nobody noticed if I skipped a week, so sometimes I did.",0,0,0,1,1,0
Full-time,Focus group 4,P14,28,Some weeks I didn't speak to anyone from the course.,0,0,0,1,0,0
